Country Name,GDP growth,GDP level,CPI,Population,Children,Adults,Aging,Urban Pop,Sex ratio,Density,Flights,Chronic diseases,Respiratory diseases,Smoking,Obesity,Pet,Temperature,Humidity,Pre,Cld,Forest area,Zone,B degree,B cluster,B betweenness,H3N2 degree,H3N2 cluster,H3N2 betweenness,H1N1 degree,H1N1 cluster,H1N1 betweenness,H3N2 trunk,H1N1 trunk,B trunk,H1N1 Fst,B Fst,H3N2 Fst,B gc,H1N1 gc,H3N2 gc,B pi,H1N1 pi,H3N2 pi,Physicians,Beds,Health expenditure,Duration,H3N2 infection,H1N1 infection,B infection,Flu vaccination,H1B
Algeria,2.9,2,123.2492843,38998184.56,28.47065515,65.71689939,5.812445457,70.164,1.05,16.37382105,3785.625,32.0814289,15.8894635,15.35714286,25.34285714,4.988888889,18.84723615,55.30205631,86.06666667,35.4,0.814866441,2,31,0.871179039,0.000609888,35,0.902044293,0.000317685,41,0.888751545,0.000640896,0.000453241,0.000575595,0.002811535,0.143504729,0.054133795,0.056558651,37.8782,37.3218,36.6828,0.0581,0.0117,0.0159,1.636675,1.9,6.110726039,16,0.11521177,0.147163479,0.112866872,0.03,1
Argentina,1.759251975,2,0,42657477.33,25.37405613,63.9911574,10.63478647,91.37055556,1.04,15.58725224,4246,39.2085589,24.6653514,24.48571429,26.8,3.7,15.1899987,70.50231815,594.2444444,42.01111111,10.1237626,1,78,0.790040377,0.006659423,70,0.822580645,0.004151914,79,0.789231779,0.005223429,0.006194289,0.003453569,0.002848537,0.067201897,0.041354095,0.086878455,40.7276,38.3994,35.7456,0.0543,0.0176,0.0169,3.784975,4.72,9.720354187,20,0.021452856,0.022862386,0.010550033,0.8705,1
Australia,2.648627971,3,109.5126604,23477833.78,18.99479549,66.47060984,14.53459467,85.60055556,1.05625,3.054885858,5063.375,45.4180928,16.1690149,16.21428571,27.3,5.266666667,20.57842754,63.10898015,540.2,37.35555556,16.15563363,2,94,0.767729268,0.008873321,85,0.754249292,0.015113126,90,0.773839556,0.007518438,0.023719595,0.029930929,0.030789019,0.057369037,0.052801826,0.049970461,38.3009,36.6586,36.216,0.0565,0.0203,0.016,3.4293125,3.833333333,8.938081212,15,0.065177443,0.038644469,0.036676021,0.635,0
Austria,1.568936852,3,108.8287119,8580963.444,14.31701183,67.13117266,18.5518155,57.61488889,1.055,103.9743494,4975.25,66.3649653,12.6513807,32.55714286,18.82857143,1.933333333,7.301937894,82.05060854,1184.344444,62.08888889,46.83015442,1,32,0.868583162,0.000653841,58,0.851011649,0.001793469,47,0.858013121,0.001118369,0.00015108,0.003261704,0.000859205,0.07480102,0.102949073,0.044414388,39.1902,37.4101,36.9173,0.0301,0.0049,0.0106,4.991775,7.675,10.2802212,14,0.085283689,0.074420812,0.07189814,0.2,1
Bangladesh,6.605147357,1,135.7281143,154488400.7,29.82220292,65.15193183,5.025865244,33.53977778,1.049,1186.820317,3678.25,18.2076493,15.2800124,24.02857143,3.014285714,3.222222222,23.22680102,74.91357663,2381.522222,56.12222222,11.0178997,2,78,0.793167284,0.005611585,77,0.771596406,0.007901776,59,0.854179016,0.001788966,0.007402931,0.007482732,0.013427167,0.089884556,0.043520191,0.087137233,39.5991,38.4291,37.1627,0.0557,0.0168,0.0133,0.462822222,0.666666667,2.616999838,21,0.049029083,0.04809093,0.049965043,0.03,0
Belgium,1.589139675,3,108.1854032,11202586.44,16.97595079,65.02270078,18.00134843,97.83022222,1.05,369.9254734,4988.875,50.6382521,12.7423004,29.61428571,21.05714286,2,10.7892921,82.31321876,835.3222222,68.86666667,22.54029127,1,89,0.789012123,0.007042386,86,0.754563053,0.009659032,84,0.780724638,0.006248403,0.002719444,0.004221028,0.001123495,0.097403493,0.067064531,0.068797805,38.4435,36.6959,35.9975,0.0434,0.0141,0.0147,2.9816375,6.34,10.55988481,14,0.172087881,0.147899235,0.166503847,0.602,1
Brazil,1.416779595,2,130.1386806,202694788.2,22.9610015,69.24138129,7.797617212,85.47555556,1.05,24.25118366,4849.125,28.0671222,33.3506462,15.5,20.61428571,3.322222222,24.76903372,72.72645137,1718.5,71.12222222,59.28424267,2,94,0.752020319,0.011564788,83,0.731511732,0.012919416,92,0.718644477,0.011633365,0.190965403,0.164811972,0.007569947,0.062554676,0.039503672,0.050544272,39.047,37.4249,36.8828,0.0401,0.0146,0.0148,1.9749,2.3,8.539676083,18,0.07090289,0.09804179,0.038166457,0.9723,0
Bulgaria,2.211306186,2,106.4184047,7216185,14.06913813,66.32599567,19.6048662,73.65277778,1.05975,66.47101859,4051.75,56.8015785,25.4445674,39.3,23.67142857,2.566666667,11.1351147,77.52985421,678.7777778,62.05555556,34.89867348,1,79,0.829284307,0.00431067,63,0.822354772,0.004103876,68,0.817192359,0.003503193,0.001057562,0.000575595,0.000146942,0.078103355,0.062822844,0.059547455,37.8627,37.3079,36.6723,0.0555,0.0126,0.0178,3.913916667,6.575,7.386625449,12,0.10444592,0.066021137,0.084461629,0.08985,0
Cambodia,7.047253094,1,114.7380621,15275762.78,32.0145534,63.90827243,4.077174179,21.81622222,1.050125,86.53842498,3096.5,20.4504391,36.7118023,19.01428571,3.3,3.666666667,25.61896806,82.12879996,1910.455556,61.82222222,55.01812794,2,59,0.867829687,0.001709914,56,0.787220026,0.004155304,71,0.826140065,0.003763241,0.016920985,0.004796623,0.00567187,0.079890137,0.055578191,0.076211475,38.1404,36.7322,36.2415,0.0574,0.0167,0.0149,0.25802,0.76,6.633662222,21,0.059416681,0.055105874,0.060474196,0.2,1
Canada,2.207758846,3,107.3006106,35443589.89,16.11768515,68.23596786,15.64634699,81.20955556,1.053625,3.897655788,5327.75,44.24641,15.7015059,16.3,27.7,1.188888889,3.313026368,73.76457714,529.7777778,62.17777778,38.17691968,1,98,0.74644147,0.011012909,87,0.750472845,0.00900714,93,0.740679566,0.010088826,0.137785164,0.064850345,0.012037115,0.11304866,0.040713992,0.12235333,38.4363,36.6808,35.9807,0.0526,0.0125,0.0129,2.405871429,2.7,10.62826051,19,0.071544137,0.035554341,0.034286504,0.701,0
Chile,3.595956858,3,114.1208581,17822771.67,20.8625167,68.77907457,10.35840873,87.30888889,1.04,23.97041542,3721.5,36.7654441,21.6875832,40.62857143,26.54285714,2.722222222,12.17226074,72.7196786,616.1555556,45.55555556,23.04325757,1,89,0.788848735,0.006981626,72,0.795724466,0.005571389,84,0.781965787,0.006402898,0.002568364,0.005564083,0.018249935,0.051214607,0.082219841,0.14875624,37.4798,36.5353,37.5424,0.0392,0.0139,0.0157,2.016355556,2.125,7.874232028,20,0.032420893,0.01659219,0.012344742,0.72753,1
China,7.786754405,2,112.3460543,1364798889,18.19741495,72.5989451,9.203639955,54.23577778,1.144,145.3736941,5237.75,33.6006166,34.5579897,26.34285714,5.271428571,2.611111111,11.04429742,72.18662725,647.4111111,55.08888889,21.86112968,2,86,0.816975394,0.004905152,85,0.764014723,0.009779745,88,0.784337031,0.006493567,0.15531047,0.013430545,0.107737482,0.050360944,0.053751079,0.055995755,38.3425,37.0499,36.4555,0.0475,0.0219,0.0154,1.674025,3.853333333,4.753750058,17,0.063355108,0.036647361,0.058519105,0.267,1
Colombia,3.763577388,2,115.8889411,47185659.22,25.08644437,67.43876269,7.474792941,79.39688889,1.05,42.52876,3882.5,30.9557965,30.2503097,10.45714286,20.91428571,3.277777778,24.14823381,75.83623094,2579.944444,73.85555556,52.77618015,2,46,0.909402547,0.000550882,51,0.812946783,0.002601638,35,0.927474403,0.000264284,0.002568364,0.000959325,0.000459829,0.079651597,0.037463521,0.081752513,39.6134,38.399,38.3363,0.054,0.0179,0.0182,1.891522222,1.475,7.239939052,12,0.028114129,0.045722352,0.008661225,0.805,0
Croatia,0.777160795,3,105.9880299,4214223.556,14.85064,66.2145376,18.93482241,55.976,1.065875,75.31087483,4157.125,61.1722713,19.5640677,36.11428571,22.95714286,2.433333333,10.61873033,79.31818484,1166.644444,57.23333333,34.33166554,1,14,0.977777778,1.03E-05,12,0.8203125,8.17E-05,44,0.825668449,0.001372257,0.00015108,0.000191865,0.000145823,0.061776211,0.060528086,0.050174613,39.2145,37.4685,36.9772,0.0366,0.0173,0.0164,3.003957143,5.765,7.113123257,16,0.173356267,0.154848951,0.078805678,0.2982,0
Denmark,1.778116272,3,105.9300261,5659815.889,17.11515397,64.47051622,18.41432982,87.37722222,1.056,134.4946058,5014.875,50.7321152,12.9427545,21.74285714,18.52857143,1.677777778,9.479527957,82.11557949,752.0333333,65.22222222,14.29895349,1,76,0.822986875,0.004190827,84,0.767960603,0.008386245,69,0.82498921,0.003443245,0.005438888,0.002877974,0.000574794,0.065850629,0.166440848,0.047183048,37.8432,37.2581,36.6239,0.0295,0.0186,0.0175,3.851214286,3.05,10.17233181,15,0.051178171,0.045107257,0.062144006,0.5139,1
Egypt,3.605932123,1,158.862466,90477536.22,33.16131172,61.80822125,5.03046703,42.847,1.06375,90.89109068,4578.875,29.6234079,34.8220133,23.38571429,29.97,5.788888889,21.49161012,52.61505709,37.97777778,26.53333333,0.072128183,2,50,0.837871287,0.00184182,21,0.855392157,0.000339778,68,0.813777778,0.004254408,0.019640429,0.001726784,0.002229651,0.113685581,0.052460592,0.129155897,39.1976,37.4388,36.9625,0.05,0.0064,0.0178,1.14375,0.96,4.938247309,17,0.048009213,0.089062293,0.045566453,0.03,0
Estonia,3.619849937,3,110.6952647,1320523.333,15.8286479,65.63029597,18.54105613,68.33333333,1.06,30.63430538,3366.625,56.4801611,21.1597735,32.72857143,20.4,1.544444444,6.518130502,83.91733257,663.4777778,69.45555556,51.9252066,1,68,0.862122558,0.002719061,73,0.841862255,0.003483345,74,0.818623785,0.003814026,0.003172685,0.000191865,0.00052123,0.049141486,0.034245831,0.046522118,39.6086,38.4722,37.1861,0.056,0.0179,0.0183,3.480166667,5.2,6.215684836,14,0.05434019,0.063023082,0.037151842,0.0903,1
Finland,1.220049158,3,107.3119785,5451628,16.38448881,64.05872239,19.5567888,84.93677778,1.04675,17.9398074,4682.75,53.5339724,12.4598133,21.9,21.07142857,1.266666667,3.558101288,86.75233723,567.3444444,70.52222222,73.11026293,1,78,0.827220727,0.005270745,88,0.741224598,0.010698486,81,0.776270658,0.007611196,0.001359722,0.002302379,0.002788715,0.199971894,0.038774644,0.062698536,38.4554,37.1912,36.6842,0.0527,0.0182,0.0174,3.357757143,5.2,9.413704024,16,0.133068505,0.12134179,0.088595522,0.455,0
France,1.353471426,3,104.8691885,66161403.22,18.33447965,63.24576898,18.41975137,79.39933333,1.04775,120.8703008,5471.125,45.7020553,12.5265223,33.02857143,20.44285714,2.377777778,11.50262576,80.93429448,843.1,61.4,30.61416481,1,101,0.720511795,0.015930772,99,0.68894441,0.019794683,104,0.705239352,0.015028442,0.077504155,0.009401381,0.036186467,0.047611774,0.040823963,0.051496434,39.1059,38.2159,37.5099,0.0545,0.0166,0.0141,3.233533333,6.55,11.34517013,16,0.046800517,0.042544202,0.042314044,0.5435,1
Georgia,4.838831977,2,112.9630278,3735158.444,18.77605647,66.83731386,14.38662966,57.073,1.079375,65.356608,3208.75,46.1216609,28.1095203,29.2,19.91428571,2.333333333,7.204937618,86.78902241,1034.733333,60.02222222,40.61591455,1,48,0.893435252,0.001049743,40,0.855006502,0.00075949,50,0.808230453,0.001900008,0.001208642,0.000575595,0.001076332,0.067490858,0.08445779,0.063120804,38.4172,36.7335,36.1936,0.0555,0.0204,0.0143,5.219588889,2.725,7.834777302,14,0.059745831,0.110243772,0.068910042,0.1718,0
Germany,2.126534629,3,106.0075374,81522656.11,13.41017865,65.54263432,21.04718703,77.18477778,1.052625,233.6398884,5447.375,60.8639494,12.7689422,31.41428571,21.1,1.955555556,9.262075007,82.53992213,679.7555556,69.9,32.72557801,1,102,0.71119169,0.015612438,90,0.743250063,0.010731014,102,0.715503724,0.015251452,0.030971446,0.009401381,0.00413479,0.055845955,0.038614408,0.056983031,38.4123,36.7218,36.1887,0.0552,0.0137,0.0157,4.024525,8.225,11.10506863,14,0.119174571,0.123662242,0.113611842,0.388,1
Greece,-2.400332131,3,102.0155333,10912459.33,14.63884485,64.93253119,20.42862396,77.69077778,1.0635,84.65483665,4659.75,52.4856814,12.9430447,44.92857143,23.61428571,3.255555556,16.0265208,70.98518746,662.2888889,42.22222222,30.98215666,1,78,0.808610831,0.004790314,73,0.831601232,0.003622779,96,0.757253599,0.008995779,0.000906481,0.005755948,0.0306287,0.11663591,0.035723639,0.060622596,38.3148,36.614,36.2004,0.0524,0.0115,0.0141,4.7109125,4.5,8.493354583,12,0.099807277,0.155396393,0.08075401,0.2,0
Hungary,2.514668602,3,110.251689,9874693.667,14.53173829,68.11718085,17.35108085,70.20211111,1.05525,109.0681591,4501.875,57.8456198,21.787081,32.3,24.95714286,2.333333333,9.190590884,81.65310025,628.8,58.43333333,22.75267883,1,57,0.895621827,0.001037471,47,0.841463415,0.002017832,77,0.797236615,0.004572177,0.003474845,0.001726784,0.002295042,0.10073632,0.151436106,0.144078663,39.2126,37.463,36.9756,0.0538,0.0128,0.0112,3.183433333,7.1,7.094490847,13,0.102622789,0.077019638,0.093580843,0.23353,0
Iceland,2.998989891,3,114.2066823,330144,20.3804561,66.27506952,13.34447438,93.67577778,1.05275,3.294152397,2756.375,41.1954517,12.0483648,16.87142857,20.72857143,1.055555556,5.827291154,77.94045076,1108.655556,74.66666667,0.464837906,1,69,0.8513805,0.002939859,65,0.828223844,0.004725907,65,0.832928606,0.003088577,0.00030216,0.006331543,0.000120505,0.045515736,0.034226278,0.052045215,39.3555,37.9592,38.5834,0.0544,0.0166,0.0218,3.717333333,3.32,8.229914667,16,0.069137903,0.050345331,0.050091672,0.4685,1
India,7.015184542,1,136.7812511,1294749017,28.9326757,65.51899545,5.548328851,32.424,1.099125,435.474698,5183.875,23.0491011,31.6559449,12.82857143,3.328571429,4.188888889,21.67967884,66.53834436,1084.055556,42.67777778,23.65311325,2,70,0.842899036,0.002796234,57,0.851651842,0.003319191,72,0.791337025,0.005412656,0.003474845,0.033768227,0.166723781,0.086064297,0.136252402,0.112368581,38.2555,36.6802,36.1983,0.0415,0.0121,0.0107,0.7417875,0.7,3.356057299,21,0.033021575,0.097378119,0.027500662,0.02,0
Indonesia,5.459521037,1,123.8550865,254953893.7,27.73139124,66.93063511,5.33797365,52.629,1.05,140.7364295,4429.75,26.5558748,40.2696731,38.12857143,5.842857143,3.588888889,26.39798451,87.89440809,2848.333333,64.66666667,50.993779,2,60,0.833905089,0.002312661,21,0.825242718,0.000407824,20,0.932432432,6.81E-05,0.002266203,0.003453569,0.035472079,0.150383808,0.050654472,0.205822716,38.307,36.6537,36.2136,0.0567,0.0177,0.0118,0.306033333,0.9,2.916196162,19,0.079888086,0.05295373,0.089992437,0.02,1
Iran,2.654903913,2,242.9783159,77601720.44,23.95789008,70.39106296,5.651046966,72.804,1.051875,47.64466247,3568.5,33.0979636,32.4245971,11.85714286,23.96,4.311111111,16.40704504,43.46585201,187.3888889,45.02222222,6.564491066,1,41,0.875,0.001003602,67,0.780749886,0.006746812,68,0.828894807,0.003898477,0.003323765,0.006331543,0.000592189,0.099856088,0.074609367,0.10064142,37.7739,37.2067,36.5532,0.0437,0.0149,0.0205,1.25212,1.3,7.28327179,15,0.046845733,0.04407578,0.036851238,0.025,1
Ireland,6.382552591,3,104.0899558,4683701.889,21.45203841,66.13429147,12.41367012,62.34433333,1.06,67.96586184,4844.5,43.2978378,12.3359463,26.44285714,23.42857143,1.477777778,10.15018784,81.58098317,1181.744444,74.57777778,10.78043677,1,69,0.874029336,0.002251205,59,0.851742469,0.00171001,60,0.847452776,0.001900991,0.002568364,0.001534919,0.000704369,0.168532247,0.076350444,0.061634878,38.2778,36.7087,36.2215,0.0263,0.0105,0.0188,3.568722222,2.875,8.925871742,17,0.057202241,0.04542682,0.043114758,0.657367,1
Israel,3.756741295,3,105.5037555,8233033.333,27.70374936,61.1950229,11.10122774,92.11133333,1.054125,380.4595399,4773.25,34.4840832,13.2684494,26.27142857,25.14285714,4.277777778,19.51524281,68.16375952,382.5333333,32.81111111,7.421441754,1,31,0.941885965,0.00017194,63,0.843086484,0.00279282,59,0.838252656,0.001978768,0.012690739,0.001918649,0.000183771,0.072126094,0.059864009,0.068969095,38.3662,36.6645,36.1429,0.034,0.0191,0.0195,3.614,3.125,7.159696578,15,0.059063565,0.074045899,0.050116887,0.64215,1
Italy,0.238065922,3,106.3228435,60170691.11,13.78525412,64.6122705,21.60247538,69.30088889,1.063,204.5684002,5272.125,57.494241,14.2272967,24.17142857,18.98571429,2.744444444,13.40970641,78.06402029,787.6888889,50.43333333,31.24158554,1,96,0.734994463,0.013601231,93,0.716477809,0.018399034,95,0.750339213,0.010012188,0.045475147,0.075594781,0.067095473,0.078364597,0.046381302,0.051110255,39.5074,38.4271,37.1437,0.0423,0.0172,0.0152,3.901933333,3.5,8.783565944,13,0.104106761,0.098749311,0.080319251,0.538,1
South Korea,3.351017058,3,108.3956176,50674161,14.34777663,73.19028274,12.46194064,81.706,1.057,520.5236179,4919.125,51.5412124,25.3533717,25.05714286,4.27,2.222222222,12.99367556,77.45542788,1787.722222,67.08888889,63.67602709,1,58,0.859547124,0.00203236,66,0.775212064,0.008729774,82,0.75897748,0.007094647,0.02039583,0.004029163,0.052494032,0.098141875,0.039294002,0.059706929,37.7559,37.1902,36.48,0.0263,0.0177,0.0128,2.1729875,10.9,6.555395656,20,0.059677777,0.042207093,0.066315763,0.83,0
Kazakhstan,4.466666667,2,134.9223859,17293562.67,26.12834713,66.9628835,6.908769361,57.12033333,1.06325,6.405902425,3437.125,34.173356,27.0378431,25.41428571,19.5,2.966666667,7.06151977,64.80844275,259.6,50.43333333,1.225691744,1,87,0.822114085,0.004960586,72,0.77029703,0.005976563,82,0.792794162,0.005108533,0.003172685,0.00038373,0.002767817,0.088006173,0.251289926,0.099384934,39.3664,36.8536,36.1253,0.0425,0.0134,0.0154,3.94354,7.025,2.927418232,15,0.051831967,0.036293685,0.026620935,0.186133,0
Latvia,2.625725375,3,107.211778,2000499.778,14.87500771,65.92462449,19.2003678,67.96688889,1.060625,32.1662164,3823.75,53.4114627,24.0857408,37.27142857,22.7,1.622222222,6.69421989,84.20256249,681.0777778,69.55555556,53.94832633,1,27,0.841498559,0.000498928,48,0.787960467,0.003202245,63,0.848107828,0.002081255,0.00030216,0.00076746,0.000443008,0.109653482,0.043166775,0.084964457,40.7434,38.9002,36.4269,0.0521,0.017,0.0159,3.1385625,5.825,5.758716634,15,0.101952753,0.098509182,0.086096929,0.0612,0
Luxembourg,3.199543505,3,107.7234811,556869.8889,16.69953939,69.2872995,14.01316111,89.83411111,1.046625,229.1544124,4236.625,49.3942673,12.3977046,25.22857143,21.3,2.077777778,9.786011886,83.57790538,887.1,67.4,35.67901109,1,80,0.855793854,0.003149526,61,0.862907684,0.002347621,72,0.824564873,0.003433842,0.00015108,0.000575595,0.001983102,0.049169588,0.071716561,0.096191159,38.124,36.7119,36.2291,0.0433,0.0164,0.0138,2.861575,5.116666667,5.634937763,13,0.122281363,0.141828414,0.144130542,0.46786,1
Mexico,3.003828819,2,116.4484969,120267180.7,28.00919344,65.36660357,6.624202996,78.98977778,1.05,61.86742492,4336.375,32.4445658,33.3417615,15.52857143,27.31428571,4.355555556,23.68840755,59.85785228,778.1666667,53.15555556,34.06630818,2,73,0.821332307,0.00455061,60,0.780160091,0.003821953,65,0.825315841,0.003160355,0.002870524,0.207022256,0.049427968,0.059704697,0.068131533,0.100218165,39.6004,38.4637,37.174,0.0533,0.0183,0.0194,2.2304875,1.56,5.599569427,16,0.078174134,0.113872078,0.039273172,0.939467,0
Mongolia,7.957890765,1,144.7282094,2941738,28.52995009,67.58336162,3.886688283,68.12833333,1.03,1.893546435,2415.625,26.3127129,32.5224658,26.7,18.6,2.4,-0.279167395,63.50233141,239.0333333,35.36666667,8.205257559,1,72,0.866838148,0.002667993,23,0.856854839,0.000262003,58,0.874003679,0.001367991,0,0.00038373,0.000473608,0.079819045,0.074064505,0.127466087,38.3048,36.656,36.2016,0.0484,0.0117,0.011,3.000142857,6.516666667,3.993848403,18,0.053711171,0.027025938,0.038946831,0.373367,0
Netherlands,1.424003831,3,107.3219479,16896225.22,16.8743878,65.75148317,17.37412903,89.53922222,1.0545,501.3553576,5319.75,50.8776264,12.1544954,27.7,19.07142857,1.833333333,10.6382749,80.67799006,771.4222222,74.01111111,11.12026616,1,92,0.77594112,0.008209782,86,0.764169201,0.008313464,93,0.756077413,0.008777579,0.002870524,0.153875672,0.002435382,0.095506515,0.092777085,0.058739758,38.1162,36.7058,36.225,0.0225,0.0148,0.0177,3.3273625,4.7,10.31518777,15,0.167180264,0.106450544,0.110652792,0.564667,1
New Zealand,2.835873972,3,106.973964,4557600,20.10118377,65.58724126,14.31157498,86.29644444,1.055625,17.32765351,4087.25,42.6893955,18.3718496,17.88571429,29,2.033333333,13.54251777,81.14576996,1701.666667,64.7,38.55379601,1,82,0.771993912,0.006892537,72,0.769671807,0.006638594,80,0.769980818,0.006397093,0.02024475,0.004029163,0.019251002,0.05368561,0.112489165,0.127961212,39.4371,36.9018,37.1888,0.0411,0.0193,0.0183,3.293811111,2.55,9.364253256,16,0.152945075,0.114123277,0.076702075,0.6212,0
Norway,1.560165379,3,107.445279,5121086.444,18.15078276,65.8542549,15.99496233,80.67822222,1.055625,14.02488561,4840.5,54.7805692,12.786475,23.38571429,21.72857143,1.277777778,4.140495118,86.26330648,1181.466667,69.12222222,33.15672131,1,90,0.775649105,0.009380525,90,0.750882947,0.009700875,95,0.755201266,0.009675906,0.021453392,0.007099002,0.034410415,0.055374996,0.043973068,0.050823967,38.4027,36.6561,36.1342,0.0409,0.0124,0.0146,2.663422222,4.1,9.53435103,18,0.03683044,0.049830851,0.054632342,0.463667,0
Pakistan,4.286188285,1,136.265224,195531379.6,36.35360942,59.35262401,4.293766566,35.823,1.087,253.6469743,3928.25,16.8689533,22.7278874,20.7,7.5,4.288888889,13.5798299,56.00968762,301.2555556,30.06666667,2.021066833,1,39,0.864754098,0.000741412,21,0.858536585,0.000226907,46,0.845703125,0.001313459,0.000906481,0.00076746,5.74E-05,0.092477576,0.033187609,0.159720325,38.4043,37.1211,36.5684,0.0554,0.0142,0.0092,0.904533333,0.6,2.701091183,11,0.042825655,0.100085129,0.041487545,0.01,0
Paraguay,4.906741464,3,120.6782929,6600340.111,31.01739909,63.21410225,5.768498659,60.45377778,1.05,16.61298795,2162.625,24.1584638,31.279319,15.72857143,18.72857143,4.011111111,20.39675294,74.35289796,1229.111111,51.72222222,40.20588962,2,67,0.830663616,0.003259454,25,0.898305085,0.000202861,45,0.895194274,0.000675609,0.00030216,0.001343054,0.031935047,0.064113463,0.073908735,0.123677412,39.5543,37.7176,38.3811,0.0574,0.0195,0.0214,0.957233333,1.3,6.359077082,16,0.079100848,0.037123233,0.033212814,0.370833,1
Poland,3.547896794,3,107.4544032,38014135.44,14.96407076,69.72145287,15.31447637,60.43077778,1.056,124.1453755,4693.125,42.6152742,23.9011991,29.94285714,21.92857143,1.933333333,8.678652367,81.356964,615.4777778,63.46666667,30.67316091,1,62,0.890139335,0.001522584,36,0.870578778,0.00066153,32,0.87755102,0.000413282,0.00030216,0.00038373,0.000316762,0.0635744,0.153494977,0.060906864,39.4863,37.6579,38.3223,0.0286,0.0167,0.0143,2.28115,6.5,6.388337453,13,0.053389011,0.123132143,0.064204368,0.13,1
Portugal,0.623650754,3,106.4085758,10419056.78,14.24150377,65.44775221,20.31074402,62.91644444,1.06,113.7423059,4801.125,54.4386146,13.4184068,23.17142857,19.47142857,3.177777778,17.61026532,73.57380848,862.5888889,57.24444444,34.98735561,1,82,0.809168443,0.006326341,81,0.772301934,0.0073139,79,0.810367454,0.004742252,0.012237498,0.000959325,0.001794796,0.096375792,0.052729086,0.076640103,39.4378,37.6228,38.2771,0.0443,0.0127,0.0171,4.511475,3.4,9.510471028,16,0.078691587,0.135007903,0.065788466,0.65,1
Romania,2.982891031,2,111.4973735,19879647.33,15.6093476,67.6026639,16.7879885,53.92455556,1.058,86.40892256,4574.5,55.8765157,24.0561068,31.18571429,21.14285714,2.322222222,9.528171949,79.82105728,660.0111111,62.52222222,29.21944667,1,87,0.765047233,0.008455004,89,0.727812178,0.012815451,83,0.770041568,0.007023844,0.002870524,0.001343054,0.005787093,0.08096127,0.038643992,0.046380689,39.2841,37.9047,38.4846,0.0349,0.0125,0.0172,2.574266667,6.225,5.1202249,14,0.11423053,0.163688562,0.145641489,0.208267,0
Russia,1.878513767,2,136.677734,143750291.8,16.42350642,69.986269,13.59022458,73.99577778,1.059,8.777641379,4994,51.224796,26.3045149,39.84285714,22.22857143,1.377777778,3.498143159,81.06504302,474.3222222,68.56666667,49.76607524,1,96,0.744906997,0.012469135,90,0.703554323,0.017883365,99,0.72627965,0.013342432,0.01329506,0.005947813,0.010012046,0.057906517,0.066563735,0.060025093,38.4925,36.8379,36.1091,0.0547,0.0147,0.0156,4.142714286,8.5,5.140600734,16,0.045405366,0.058246585,0.034239353,0.6894,0
Serbia,1.660789229,2,126.3876251,7130720.778,16.42237499,67.113059,16.464566,55.57288889,1.07175,81.53056254,4000.75,58.7074282,22.8540967,40.48571429,20.34285714,2.533333333,9.690823042,79.1960927,741.9222222,60.97777778,31.0679166,1,78,0.800538177,0.005211119,75,0.796465015,0.006030499,75,0.802329814,0.003956452,0.000453241,0.000191865,0.000421852,0.049555911,0.08137723,0.095804034,38.4509,36.705,36.0098,0.0412,0.0169,0.0176,2.572485714,5.633333333,8.946626346,18,0.179872171,0.146115636,0.110395155,0.084695,1
Slovenia,1.731988351,3,105.2843626,2061041.444,14.53703349,67.59759434,17.86537218,53.57255556,1.057625,102.2848144,3450.375,54.2847285,18.7623829,23.28571429,19.12857143,2.144444444,8.367476969,81.18881687,1235.344444,57.71111111,61.93649343,1,80,0.81616,0.006636738,91,0.736121392,0.012431447,75,0.824043716,0.003529399,0.000906481,0.000575595,0.002047057,0.062387254,0.039284665,0.068597243,38.3915,37.0869,36.5491,0.0529,0.0153,0.0136,2.720425,4.575,8.498299706,16,0.054605948,0.049428422,0.04855642,0.1467,1
South Africa,1.851537199,2,125.1055102,54517829.11,29.37029105,65.63743311,4.992275836,64.30166667,1.031,44.94128969,4989.75,29.2636616,48.4382747,20.65714286,26.68571429,4.122222222,17.82977974,57.29556182,452.0888889,33.47777778,7.617736524,2,79,0.822178478,0.004469095,57,0.807594937,0.005070047,79,0.808210181,0.004826864,0.002266203,0.000959325,0.002162165,0.06817209,0.077976389,0.081397073,39.4766,36.9827,37.2584,0.0555,0.0169,0.016,0.770025,2.8,8.753279791,18,0.053436877,0.052421626,0.049455485,0.0345,0
Spain,0.938551043,3,106.0608557,46612471.78,14.84438524,66.88806805,18.26754671,79.37322222,1.064,93.23201231,5190.75,48.6111204,7.7002369,30.94285714,22.72857143,3.277777778,15.27509204,75.47701603,607.8,47.82222222,36.70192051,1,92,0.751930502,0.012866846,89,0.744516129,0.012892074,95,0.751582994,0.009375807,0.004834567,0.016884114,0.005733328,0.075552183,0.052827586,0.048752056,38.145,36.4742,36.1003,0.0302,0.0088,0.0094,3.30305,3.075,9.069640159,15,0.183559422,0.138217389,0.129457984,0.5456,1
Sweden,2.657380595,3,104.1759229,9733153.889,17.03697373,63.67635338,19.28667289,86.23755556,1.058875,23.86004504,5000.125,56.1059876,22.7951585,20.9,19.4,1.3,5.804435971,85.66179372,646.4444444,65.22222222,68.77607302,1,103,0.705995388,0.017415342,95,0.712621579,0.015759467,101,0.719056189,0.014477131,0.06753286,0.008633922,0.073680199,0.055488899,0.044883813,0.044316949,39.5639,38.3127,38.2322,0.0482,0.0178,0.0189,4.067257143,2.65,10.52298556,17,0.060816168,0.068542952,0.057585852,0.516667,1
Thailand,3.767980937,2,108.44668,68384091.33,18.1892687,71.52397989,10.28675141,46.93622222,1.062125,133.8528672,5065.125,34.7454692,31.5041505,20.77142857,8.428571429,3.522222222,24.77795128,81.58751398,1692.011111,60.03333333,31.98144415,2,95,0.767925809,0.009155116,86,0.726091763,0.013979204,89,0.726359186,0.008793889,0.024021756,0.02647736,0.069901067,0.122032702,0.049138272,0.054887387,39.1867,37.4146,36.9519,0.0529,0.0175,0.0146,0.58264,2.1,3.633609428,22,0.084890789,0.077495469,0.078778876,0.7445,1
Turkey,6.401796575,2,140.5228056,77261898.56,25.83142568,66.40375114,7.76482318,73.03788889,1.05,100.3883666,4858,43.4763476,25.6368628,28.97142857,30.17142857,2.966666667,11.43809421,71.21734294,618.9222222,46.85555556,14.95549817,1,80,0.781419891,0.006390783,86,0.749170813,0.009362481,89,0.796697626,0.005819423,0.004834567,0.005947813,0.003334229,0.094982531,0.04011259,0.070590376,38.436,36.7803,36.2273,0.0536,0.0119,0.0164,1.7676625,2.6,4.391077466,16,0.077093645,0.082417596,0.064529655,0.2,1
Ukraine,0.158757325,1,158.7445713,45282663.56,14.99263366,69.18701046,15.82035588,68.96922222,1.06425,78.1674335,4484.5,52.5650198,26.9314167,30.18571429,23.04285714,2.311111111,9.526175854,77.73594031,553.7,60.54444444,16.59465288,1,92,0.737641669,0.012263715,84,0.759130435,0.009065663,94,0.755427252,0.008961963,0.002719444,0.004796623,0.003197277,0.07914004,0.107847937,0.080027252,39.5621,38.431,37.1278,0.0542,0.016,0.0162,3.3894,9.025,7.238992956,19,0.076527074,0.082922936,0.081540445,0.0238,0
UK,1.918553825,3,109.4959209,64633664,17.56926246,64.82390471,17.60683282,82.35877778,1.051,267.1751907,5563.625,52.6425296,13.6517617,24.67142857,22.29,1.444444444,9.943450671,79.77207839,1294.244444,78.78888889,12.85495805,1,100,0.731993471,0.013287887,94,0.730120203,0.012544769,102,0.704919639,0.016885995,0.012690739,0.033768227,0.004649188,0.053946155,0.111985931,0.08509639,39.1869,36.7619,36.9177,0.0368,0.014,0.0162,2.716288889,2.875,9.889961667,18,0.085821536,0.099517332,0.083743588,0.724733,1
USA,2.250073413,3,107.7978576,318250418.6,19.43344802,66.24768597,14.31886601,81.496,1.047625,34.80462894,5655.625,53.4960007,16.5600132,23.31428571,34.27,2.877777778,5.736653136,88.02866657,771.9111111,61.28888889,33.8395963,1,104,0.7016585,0.017961051,97,0.694468547,0.016816613,98,0.726471213,0.011879684,0.016618825,0.045855718,0.06607836,0.050401973,0.035950281,0.050533008,39.536,38.3929,37.0675,0.0546,0.0162,0.018,2.538725,2.925,16.42359437,18,0.079390328,0.034190148,0.036114713,0.698,0
